﻿<?xml version="1.0" encoding="utf-8"?>
<Participants>
  <Participant ID="2">
    <Name>Aman</Name>
  </Participant>
  <Participant ID="1">
    <Name>Deepak</Name>
  </Participant>
  <Participant ID="4">
    <Name>bhagat</Name>
  </Participant>
  <Participant ID="5">
    <Name>niku</Name>
  </Participant>
  <Participant ID="6">
    <Name>arjun</Name>
  </Participant>
  <Participant ID="7">
    <Name>bhagat</Name>
  </Participant>
  <Participant ID="8">
    <Name>niku</Name>
  </Participant>
  <Participant ID="9">
    <Name>arjun</Name>
  </Participant>
  <Participant ID="10">
    <Name>bhagat</Name>
  </Participant>
  <Participant ID="11">
    <Name>niku</Name>
  </Participant>
  <Participant ID="12">
    <Name>arjun</Name>
  </Participant>
  <Participant ID="13">
    <Name>bhagat</Name>
  </Participant>
  <Participant ID="14">
    <Name>niku</Name>
  </Participant>
  <Participant ID="15">
    <Name>arjun</Name>
  </Participant>
  <Participant ID="16">
    <Name>bhagat</Name>
  </Participant>
  <Participant ID="17">
    <Name>niku</Name>
  </Participant>
  <Participant ID="18">
    <Name>arjun</Name>
  </Participant>
  <Participant ID="19">
    <Name>bhagat</Name>
  </Participant>
  <Participant ID="20">
    <Name>niku</Name>
  </Participant>
  <Participant ID="21">
    <Name>arjun</Name>
  </Participant>
  <Participant ID="22">
    <Name>bhagat</Name>
  </Participant>
  <Participant ID="23">
    <Name>niku</Name>
  </Participant>
  <Participant ID="24">
    <Name>arjun</Name>
  </Participant>
  <Participant ID="25">
    <Name>bhagat</Name>
  </Participant>
  <Participant ID="26">
    <Name>niku</Name>
  </Participant>
  <Participant ID="27">
    <Name>arjun</Name>
  </Participant>
  <Participant ID="28">
    <Name>bhagat</Name>
  </Participant>
  <Participant ID="29">
    <Name>niku</Name>
  </Participant>
  <Participant ID="30">
    <Name>arjun</Name>
  </Participant>
  <Participant ID="31">
    <Name>bhagat</Name>
  </Participant>
  <Participant ID="32">
    <Name>niku</Name>
  </Participant>
  <Participant ID="33">
    <Name>arjun</Name>
  </Participant>
  <Participant ID="34">
    <Name>bhagat</Name>
  </Participant>
  <Participant ID="35">
    <Name>niku</Name>
  </Participant>
</Participants>